k [1/h],tau [h],D [1/h],X_A,C_A* [mol/L],C_P* [mol/L]
0.1,1,1.0,0.09090909090909091,0.9090909090909091,0.09090909090909091
0.1,5,0.2,0.3333333333333333,0.6666666666666667,0.3333333333333333
0.1,10,0.1,0.5,0.5,0.5
0.1,20,0.05,0.6666666666666666,0.33333333333333337,0.6666666666666666
0.3,1,1.0,0.23076923076923075,0.7692307692307693,0.23076923076923075
0.3,5,0.2,0.6,0.4,0.6
0.3,10,0.1,0.75,0.25,0.75
0.3,20,0.05,0.8571428571428571,0.1428571428571429,0.8571428571428571
0.6,1,1.0,0.37499999999999994,0.625,0.37499999999999994
0.6,5,0.2,0.75,0.25,0.75
0.6,10,0.1,0.8571428571428571,0.1428571428571429,0.8571428571428571
0.6,20,0.05,0.9230769230769231,0.07692307692307687,0.9230769230769231
