t,X,S,P
0.0,0.17315757577676982,4.485014314415218,0.0
2.0,0.3105107537018357,10.314545589454243,0.055016822463505054
4.0,0.5149247000864073,13.136928455049107,0.13451041634050273
6.0,1.1451894848522859,12.151498333913219,0.2584894895274766
8.0,1.6019351137937432,14.689227870379503,0.5009209246344711
10.0,3.5492176259374135,12.33757323892355,1.0837577281016324
15.0,10.850724580707835,0.3246655751629253,3.570873595237135
20.0,8.917415542953842,0.3734231234548816,4.362965614702649
25.0,11.351914697303565,0.3916566167589983,4.601866101368384
30.0,15.544612725108584,0.39692541663804853,5.114491889521258
35.0,13.120121845592102,0.31514696280839544,5.6347529187791645
40.0,16.180389067888886,0.2970531306918085,5.573621100256241
50.0,16.83949688193649,0.3564430607228191,7.704411641024171
60.0,17.028471132907136,0.30475566362437573,5.676496389614939
