,Form_1,Form_2,Form_3,Form_4,clamped,raw_min_bary
1.5,0.9999923959491185,0.0,7.6040508815182315e-06,0.0,True,-5.761609087612492e-05
2,0.8148889993120785,0.018341870228961197,0.12433111188731148,0.04243801857164883,False,0.018341870228961197
2.5,0.5065277477611905,0.10053512923340478,0.33363065239562445,0.05930647060978034,False,0.05930647060978034
3,0.257998917394231,0.168016300241796,0.5016059689856566,0.0723788133783164,False,0.0723788133783164
3.5,0.08569168114788617,0.19396403026398804,0.616182307094627,0.10416198149349887,False,0.08569168114788617
4,0.026238044185825884,0.2239548270731965,0.6512927753354278,0.0985143534055498,False,0.026238044185825884
4.5,0.02104083591236662,0.2593211964279827,0.6514758495545422,0.06816211810510851,False,0.02104083591236662
5,0.011617850370955543,0.25175736343968935,0.6585417957499227,0.07808299043943244,False,0.011617850370955543
5.5,0.02599546590860165,0.28670567752921516,0.6449582292512244,0.04234062731095894,False,0.025995465908601648
6.1,0.027054571073866968,0.27219010073498673,0.6403762397761907,0.060379088414955435,False,0.027054571073866975
6.3,0.017900674910997394,0.26440523234826485,0.6445852593908645,0.07310883334987323,False,0.017900674910997394
6.5,0.03174053033309964,0.3009043644747571,0.6296916111018395,0.037663494090303916,False,0.031740530333099634
6.7,0.027854064900815476,0.2807582897726485,0.6275447827171341,0.06384286260940193,False,0.027854064900815476
6.9,0.03819605595748713,0.2952374980354591,0.6156335996957181,0.05093284631133573,False,0.03819605595748713
7.1,0.03565281038422401,0.2859643842061141,0.6116072615449519,0.06677554386470992,False,0.03565281038422401
7.3,0.0665208912454322,0.34123074648123763,0.5713225337468251,0.0209258285265051,False,0.0209258285265051
7.5,0.07975864678051914,0.33130799423667723,0.5451074809888921,0.043825877993911584,False,0.043825877993911584
7.7,0.09823473757351861,0.3502733804532129,0.5102995359510197,0.04119234602224878,False,0.04119234602224878
7.9,0.13683053633154013,0.4026568896610352,0.45471730210671096,0.005795271900713721,False,0.005795271900713721
8.1,0.17668708654296697,0.43899694341899415,0.38431597003803897,0.0,True,-1.5680236590533323e-05
9,0.32781125882242435,0.6237380049690384,0.02544359997687242,0.023007136231664824,False,0.023007136231664824
10,0.08141367606460437,0.23149220780197682,0.003246117752687251,0.6838479983807316,False,0.003246117752687251
11,0.0,0.15552052147188541,1.4626216545168317e-05,0.8444648523115695,True,-8.184192280658031e-05
