pH,Form_1_exp,Form_2_exp,Form_3_exp,Form_4_exp,Form_5_exp,Form_1_th,Form_2_th,Form_3_th,Form_4_th,Form_5_th
1.5,0.8120555165259609,0.0010303752414581736,0.055479523560491205,0.09331313270430017,0.03812145196778949,0.8947015502752932,0.1052959257856254,2.5239335432337674e-06,5.538357617201334e-12,4.122235711727765e-20
2.0,0.6106126933679102,0.22506929917225982,0.014134694067879587,0.15016973127628208,1.3582115668264727e-05,0.7287613257341127,0.2712181159253114,2.0558197920478436e-05,1.4265536933652226e-10,3.357684985951887e-18
2.5,0.31371578133815303,0.5021824264323492,0.03749487086916452,0.13144376457926676,0.01516315678106639,0.4593128415829694,0.54055758442381,0.00012957114999438343,2.8432260725117856e-09,2.1162317175441238e-16
3.0,0.1754167915777062,0.6727006169554135,0.02633646671388946,0.10397555584862804,0.02157056890436282,0.21166472679565135,0.7877381301969267,0.0005971015739433755,4.143346897028446e-08,9.752211734087897e-15
3.5,0.09947338218739467,0.7195681960268937,0.046361972542894224,0.10142053235010061,0.03317591689271682,0.07814301956346259,0.919652099192998,0.0022043975243488754,4.837188305946842e-07,3.6003508182994836e-13
4.0,0.07817241059389204,0.747900585247992,0.0001382693423821143,0.13878545407553053,0.03500328074020331,0.02597496424297932,0.9666924704204868,0.00732748071320332,5.084611362783964e-06,1.1967669574319495e-11
4.5,0.06813786704951597,0.7551558153842187,0.010905165570321628,0.13149448564219296,0.03430666635375079,0.00822940335979397,0.9685046875868486,0.023214967241527346,5.094143266960177e-05,3.79160407238784e-10
5.0,0.07113272270906065,0.7228475044523661,0.03338392944376516,0.1463959999242028,0.026239843470605262,0.0024902339615817956,0.9267733336330459,0.0702489564727176,0.0004874644591848342,1.147346996753411e-08
5.5,0.052811406375681186,0.673957920440282,0.10356876654515745,0.13095271285738797,0.0387091937814914,0.0006820483625195313,0.8026912856020719,0.19240435424986507,0.004221997539511869,3.142460316782014e-07
6.1,0.0444610220867791,0.4325424651098274,0.3522155635602856,0.12564928875473647,0.04513166048837147,0.0001047351283393909,0.49071094721561825,0.46826542777843166,0.04090676863899536,1.2121238615231916e-05
6.3,0.035439772220564124,0.34261759432436917,0.45374362399087553,0.10004088495588533,0.06815812450830583,4.9473652156216574e-05,0.36737309643453797,0.5556146609210543,0.07692664226645689,3.6126725794607757e-05
6.5,0.026999545732725425,0.22886693949360218,0.5638132089274942,0.0602064534007941,0.12011385244538408,2.1657024535480987e-05,0.2548778916862077,0.6109399347181013,0.13406073429188906,9.978227926670603e-05
6.7,0.031093859379059813,0.11463717348454894,0.6353207227118458,0.13074561020729436,0.08820263421725105,8.757663703042355e-06,0.16335094138289866,0.620566017544794,0.21581969249729543,0.00025459091130887544
6.9,0.026683024070325547,0.05207010341518614,0.6676601756491539,0.1542856787815216,0.09930101808381261,3.2696223655377432e-06,0.09665647952102374,0.5819656091488249,0.32077491660581675,0.0005997251019691453
7.1,0.054778429122845224,0.00034390108273699556,0.4893725909140966,0.4072379983866856,0.04826708049363571,1.1290768218226922e-06,0.052900145872780156,0.5048045000262513,0.4409875183069991,0.0013067067171476704
7.3,0.0885645023754779,0.07279089596636529,0.29581583321876037,0.4961533017729089,0.046675466666487475,3.6238286299552407e-07,0.02690921504099032,0.4069746678718949,0.5634695570306363,0.002646197673615486
7.5,0.11314821314135733,0.09122356181301151,0.00019966976157480358,0.7868790032063637,0.008549552077692703,1.0899283981860976e-07,0.012827184628408993,0.30746642196590673,0.6746845631865355,0.005021721226308958
8.1,0.04029599458936658,0.06085167827121321,0.14098772438099666,0.5396777334610988,0.21818686929732478,2.235512205817855e-09,0.0010473948229424927,0.09994861284449265,0.8731318903501807,0.025872099746872042
9.0,2.9454740222967167e-05,0.07729009654670803,0.18294549551278974,0.407621492686688,0.33211346051359125,4.08748811114343e-12,1.5212124809925859e-05,0.011530714737344325,0.800127703766972,0.1883263693667863
10.0,0.017706176374763526,0.05364520716107801,0.12206236961880289,0.40696343594355755,0.3996228109017981,1.5226001755096267e-15,5.66655688669097e-08,0.000429522185886447,0.29804969435003614,0.701520726798507
11.0,0.043402722425689856,0.0003988798833768719,0.010638034886344763,0.11133635711279567,0.8342240056917929,2.0819605283267947e-19,7.748290036588386e-11,5.8731652041016934e-06,0.04075447442457737,0.9592396523327357
