,Form_1,Form_2,Form_3,Form_4,Form_5,clamped,raw_min_bary
1.5,0.03812145196778949,0.09331313270430017,0.8120555165259609,0.055479523560491205,0.0010303752414581736,False,0.0010303752414581736
2,1.3582115668264727e-05,0.15016973127628208,0.6106126933679102,0.014134694067879587,0.22506929917225982,False,1.3582115668264727e-05
2.5,0.01516315678106639,0.13144376457926676,0.31371578133815303,0.03749487086916452,0.5021824264323492,False,0.01516315678106639
3,0.02157056890436282,0.10397555584862804,0.1754167915777062,0.02633646671388946,0.6727006169554135,False,0.02157056890436282
3.5,0.03317591689271682,0.10142053235010061,0.09947338218739467,0.046361972542894224,0.7195681960268937,False,0.03317591689271682
4,0.03500328074020331,0.13878545407553053,0.07817241059389204,0.0001382693423821143,0.747900585247992,False,0.0001382693423821143
4.5,0.03430666635375079,0.13149448564219296,0.06813786704951597,0.010905165570321628,0.7551558153842187,False,0.010905165570321628
5,0.026239843470605262,0.1463959999242028,0.07113272270906065,0.03338392944376516,0.7228475044523661,False,0.026239843470605262
5.5,0.0387091937814914,0.13095271285738797,0.052811406375681186,0.10356876654515745,0.673957920440282,False,0.0387091937814914
6.1,0.04513166048837147,0.12564928875473647,0.0444610220867791,0.3522155635602856,0.4325424651098274,False,0.0444610220867791
6.3,0.06815812450830583,0.10004088495588533,0.035439772220564124,0.45374362399087553,0.34261759432436917,False,0.035439772220564124
6.5,0.12011385244538408,0.0602064534007941,0.026999545732725425,0.5638132089274942,0.22886693949360218,False,0.026999545732725425
6.7,0.08820263421725105,0.13074561020729436,0.031093859379059813,0.6353207227118458,0.11463717348454894,False,0.031093859379059813
6.9,0.09930101808381261,0.1542856787815216,0.026683024070325547,0.6676601756491539,0.05207010341518614,False,0.026683024070325554
7.1,0.04826708049363571,0.4072379983866856,0.054778429122845224,0.4893725909140966,0.00034390108273699556,False,0.0003439010827369955
7.3,0.046675466666487475,0.4961533017729089,0.0885645023754779,0.29581583321876037,0.07279089596636529,False,0.046675466666487475
7.5,0.008549552077692703,0.7868790032063637,0.11314821314135733,0.00019966976157480358,0.09122356181301151,False,0.00019966976157480355
8.1,0.21818686929732478,0.5396777334610988,0.04029599458936658,0.14098772438099666,0.06085167827121321,False,0.04029599458936658
9,0.33211346051359125,0.407621492686688,2.9454740222967167e-05,0.18294549551278974,0.07729009654670803,False,2.9454740222967167e-05
10,0.3996228109017981,0.40696343594355755,0.017706176374763526,0.12206236961880289,0.05364520716107801,False,0.017706176374763526
11,0.8342240056917929,0.11133635711279567,0.043402722425689856,0.010638034886344763,0.0003988798833768719,False,0.0003988798833768719
