pH,Form_1_exp,Form_2_exp,Form_3_exp,Form_4_exp,Form_1_th,Form_2_th,Form_3_th,Form_4_th
1.5,0.9999923959491185,7.6040508815182315e-06,0.0,0.0,0.9528812159212805,0.04711874906325954,3.5015459873751586e-08,2.737332904580676e-16
2.0,0.8148889993120785,0.12433111188731148,0.018341870228961197,0.04243801857164883,0.864774423056836,0.13522525916509942,3.1777805674463897e-07,7.855822974971608e-15
2.5,0.5065277477611905,0.33363065239562445,0.10053512923340478,0.05930647060978034,0.6691242273399357,0.33087331383372004,2.4588261518329825e-06,1.9221868729764535e-13
3.0,0.257998917394231,0.5016059689856566,0.168016300241796,0.0723788133783164,0.3900547996173649,0.6099308670624556,1.433331663628299e-05,3.54335347419341e-12
3.5,0.08569168114788617,0.616182307094627,0.19396403026398804,0.10416198149349887,0.16820182522784927,0.8317363657159137,6.180900791777274e-05,4.831918009440082e-11
4.0,0.026238044185825884,0.6512927753354278,0.2239548270731965,0.0985143534055498,0.06009351568206868,0.9396856585472373,0.00022082522478982,5.459042364750705e-10
4.5,0.02104083591236662,0.6514758495545422,0.2593211964279827,0.06816211810510851,0.019807683447064312,0.9794644392946097,0.0007278715681912986,5.690134589414172e-09
5.0,0.011617850370955543,0.6585417957499227,0.25175736343968935,0.07808299043943244,0.006339625002599262,0.9913306998091984,0.0023296175974937615,5.7590708536543394e-08
5.5,0.02599546590860165,0.6449582292512244,0.28670567752921516,0.04234062731095894,0.0020033572143330004,0.9906343444388511,0.0073617228442734925,5.755025422681683e-07
6.1,0.027054571073866968,0.6403762397761907,0.27219010073498673,0.060379088414955435,0.0004931339048038525,0.9707778288858346,0.028720098934304276,8.938275057430901e-06
6.3,0.017900674910997394,0.6445852593908645,0.26440523234826485,0.07310883334987323,0.0003060568208645738,0.9548981434129019,0.04477371509619876,2.20846700347624e-05
6.5,0.03174053033309964,0.6296916111018395,0.3009043644747571,0.037663494090303916,0.00018819534177588328,0.9306017303991828,0.06915601156025754,5.406269878390482e-05
6.7,0.027854064900815476,0.6275447827171341,0.2807582897726485,0.06384286260940193,0.0001141255792072556,0.8944127486589353,0.10534260733012439,0.00013051843173313634
6.9,0.03819605595748713,0.6156335996957181,0.2952374980354591,0.05093284631133573,6.78192207844701e-05,0.8423794852903166,0.1572439208320528,0.00030877465684608636
7.1,0.03565281038422401,0.6116072615449519,0.2859643842061141,0.06677554386470992,3.917112583742378e-05,0.7711183539609432,0.2281324805412375,0.0007099943719817758
7.3,0.0665208912454322,0.5713225337468251,0.34123074648123763,0.0209258285265051,2.1785351632898294e-05,0.6797035847489503,0.3187026266973817,0.0015720032020352245
7.5,0.07975864678051914,0.5451074809888921,0.33130799423667723,0.043825877993911584,1.1562844213171065e-05,0.5717677563947039,0.42489903338191287,0.003321647379170102
7.7,0.09823473757351861,0.5102995359510197,0.3502733804532129,0.04119234602224878,5.820054989263748e-06,0.4561231072343678,0.5372150324515191,0.006656040259123841
7.9,0.13683053633154013,0.45471730210671096,0.4026568896610352,0.005795271900713721,2.772995020838794e-06,0.34443246196979227,0.6429395744757654,0.012625190559421358
8.1,0.17668708654296697,0.38431597003803897,0.43899694341899415,0.0,1.25409945922915e-06,0.24688060147103824,0.7303870245312992,0.022731119898203193
9.0,0.32781125882242435,0.02544359997687242,0.6237380049690384,0.023007136231664824,2.109932441671597e-08,0.03299313134601572,0.7753354092120357,0.19167143834262415
10.0,0.08141367606460437,0.003246117752687251,0.23149220780197682,0.6838479983807316,7.828048830436816e-11,0.0012240763644593773,0.2876567667953418,0.7111191567619183
11.0,0.0,1.4626216545168317e-05,0.15552052147188541,0.8444648523115695,1.0579915914447958e-13,1.6543873562067064e-05,0.03887794354429003,0.961105512582042
