,Form_1,Form_2,Form_3,clamped,raw_min_bary
1.5,0.026594478049917214,0.02328480850302506,0.9501207134470577,False,0.02328480850302506
2,0.04905419155587687,0.018826296459877347,0.9321195119842458,False,0.018826296459877347
2.5,0.039120543880223346,0.03295163525298175,0.9279278208667949,False,0.03295163525298175
3,0.06895592225630498,0.008808346752864672,0.9222357309908303,False,0.008808346752864672
3.5,0.010773934259572293,0.02535692092037856,0.9638691448200492,False,0.010773934259572293
4,3.7252899043327403e-07,0.07172522327244496,0.9282744041985646,False,3.7252899043327403e-07
4.5,0.042338188926397846,0.02981994840655727,0.9278418626670449,False,0.02981994840655727
5,0.08046890101773985,0.04084295554313835,0.8786881434391218,False,0.04084295554313835
5.5,0.19341521996778455,0.0,0.8065847800322155,True,-1.1848241877352939e-05
6.1,0.39800318144609903,0.03930891220208847,0.5626879063518125,False,0.03930891220208847
6.3,0.5145258757304589,0.008121190695712956,0.4773529335738281,False,0.008121190695712956
6.5,0.6241375602247152,0.017651252706614984,0.3582111870686699,False,0.017651252706614984
6.7,0.7390342770272553,0.0004481943463341053,0.2605175286264105,False,0.0004481943463341053
6.9,0.8094512047841738,0.01066886606051724,0.1798799291553091,False,0.01066886606051724
7.1,0.8608158933126359,0.0,0.13918410668736417,True,-1.072911666421259e-05
7.3,0.9028474467210034,0.018097933324750525,0.07905461995424613,False,0.018097933324750525
7.5,0.9207836773343056,0.018423364833251875,0.060792957832442575,False,0.018423364833251875
7.7,0.9223087075268034,0.05132986562964623,0.026361426843550313,False,0.026361426843550313
7.9,0.9098145906022588,0.08769738422012427,0.0024880251776169394,False,0.0024880251776169394
8.1,0.9414172105564109,0.046363851907336655,0.01221893753625243,False,0.01221893753625243
9,0.6875226269540975,0.3124773730459025,0.0,True,-1.2408469859872781e-05
10,0.16809534853944721,0.8319046514605528,0.0,True,-9.146209456469649e-06
11,0.0,0.9184412790220438,0.08155872097795633,True,-2.036670774589744e-05
