pH,Form_1_exp,Form_2_exp,Form_3_exp,Form_1_th,Form_2_th,Form_3_th
1.5,0.9501207134470577,0.026594478049917214,0.02328480850302506,0.9999820065185763,1.7993481153390577e-05,2.7048057736489347e-13
2.0,0.9321195119842458,0.04905419155587687,0.018826296459877347,0.999943101827547,5.689816974835631e-05,2.704700542122535e-12
2.5,0.9279278208667949,0.039120543880223346,0.03295163525298175,0.9998200942955922,0.00017990567736435298,2.704367824653156e-11
3.0,0.9222357309908303,0.06895592225630498,0.008808346752864672,0.9994313092493645,0.0005686904803039441,2.7033162176933407e-10
3.5,0.9638691448200492,0.010773934259572293,0.02535692092037856,0.9982038487670355,0.0017961485329684218,2.699996115753619e-09
4.0,0.9282744041985646,3.7252899043327403e-07,0.07172522327244496,0.9943420270334965,0.005657946070998936,2.6895504500780482e-08
4.5,0.9278418626670449,0.042338188926397846,0.02981994840655727,0.9823239880813825,0.017675746214276988,2.657043404017503e-07
5.0,0.8786881434391218,0.08046890101773985,0.04084295554313835,0.9461596264669303,0.05383781430899985,2.559224069812032e-06
5.5,0.8065847800322155,0.19341521996778455,0.0,0.8474826940836591,0.15249438274303304,2.2923173307943443e-05
6.1,0.5626879063518125,0.39800318144609903,0.03930891220208847,0.5824875240726552,0.4172627690364599,0.00024970689088488175
6.3,0.4773529335738281,0.5145258757304589,0.008121190695712956,0.4680751323794524,0.5314208340441174,0.0005040335764301952
6.5,0.3582111870686699,0.6241375602247152,0.017651252706614984,0.35687706696929616,0.6421576325103655,0.0009653005203384309
6.7,0.2605175286264105,0.7390342770272553,0.0004481943463341053,0.2591599984627049,0.7390791940833172,0.001760807453977871
6.9,0.1798799291553091,0.8094512047841738,0.01066886606051724,0.1806062833838546,0.8163114034959933,0.0030823131201520677
7.1,0.13918410668736417,0.8608158933126359,0.0,0.12185712471046146,0.8729189756374277,0.005223899652110865
7.3,0.07905461995424613,0.9028474467210034,0.018097933324750525,0.08025034533565806,0.9111081213353509,0.008641533328991178
7.5,0.060792957832442575,0.9207836773343056,0.018423364833251875,0.05190951656403037,0.9340497147826883,0.014040768653281372
7.7,0.026361426843550313,0.9223087075268034,0.05132986562964623,0.03311511833698011,0.944385519279552,0.022499362383467923
7.9,0.0024880251776169394,0.9098145906022588,0.08769738422012427,0.020874629343756595,0.9434997308949614,0.03562563976128209
8.1,0.01221893753625243,0.9414172105564109,0.046363851907336655,0.013000260919090387,0.931268850424256,0.05573088865665355
9.0,0.0,0.6875226269540975,0.3124773730459025,0.0011897686779825027,0.6769951217964489,0.32181510952556847
10.0,0.0,0.16809534853944721,0.8319046514605528,3.054397117401906e-05,0.17379949453843707,0.8261699614903889
11.0,0.08155872097795633,0.0,0.9184412790220438,3.6208835681356625e-07,0.02060333708210819,0.9793963008295351
